City_ID,City,Country,Date,Lat,Lng,Max Temp,Humidity,Cloudiness,Wind Speed,Weather Description
0,Punta Arenas,CL,2021-07-31 18:05:00,-53.15,-70.9167,41.11,60,0,11.5,clear sky
1,Majene,ID,2021-07-31 18:05:03,-3.5403,118.9707,77.83,87,98,5.59,overcast clouds
2,Jibuti,DJ,2021-07-31 18:05:03,11.5,42.5,92.62,43,12,4.45,few clouds
3,Kyaikkami,MM,2021-07-31 18:05:04,16.08,97.5675,80.2,83,100,11.7,light rain
4,Kapaa,US,2021-07-31 18:05:05,22.0752,-159.319,82.38,73,75,4.0,broken clouds
5,Port Hardy,CA,2021-07-31 18:05:05,50.6996,-127.4199,59.18,94,90,6.91,mist
6,Bluff,NZ,2021-07-31 18:05:07,-46.6,168.3333,47.8,96,100,2.91,light rain
7,Luderitz,NA,2021-07-31 18:02:36,-26.6481,15.1594,70.43,29,0,8.12,clear sky
8,Albany,US,2021-07-31 18:05:07,42.6001,-73.9662,73.02,50,32,8.61,scattered clouds
9,Nsoko,SZ,2021-07-31 18:05:08,-27.0333,31.95,59.76,61,0,3.47,clear sky
10,East London,ZA,2021-07-31 18:05:08,-33.0153,27.9116,66.04,47,52,6.85,broken clouds
11,Vaini,TO,2021-07-31 18:05:09,-21.2,-175.2,71.76,88,90,13.8,overcast clouds
12,Atuona,PF,2021-07-31 18:05:10,-9.8,-139.0333,76.62,73,38,12.95,scattered clouds
13,Ponta Do Sol,PT,2021-07-31 18:05:10,32.6667,-17.1,78.71,73,0,6.93,clear sky
14,Cozumel,MX,2021-07-31 18:05:11,20.5083,-86.9458,91.47,68,40,5.01,scattered clouds
15,Dikson,RU,2021-07-31 18:05:11,73.5069,80.5464,43.18,93,100,12.3,overcast clouds
16,Novikovo,RU,2021-07-31 18:05:12,51.1537,37.8879,74.39,51,10,3.96,clear sky
17,Necochea,AR,2021-07-31 18:05:12,-38.5473,-58.7368,53.04,68,75,13.0,broken clouds
18,Maneadero,MX,2021-07-31 18:05:13,31.7167,-116.5667,86.18,52,3,9.17,clear sky
19,Lancaster,US,2021-07-31 18:02:43,40.2504,-76.2499,77.95,54,20,1.99,few clouds
20,Victoria,HK,2021-07-31 18:05:13,22.2855,114.1577,86.38,92,87,4.0,moderate rain
21,Tautira,PF,2021-07-31 18:05:14,-17.7333,-149.15,75.22,60,78,12.37,broken clouds
22,Cayenne,GF,2021-07-31 18:00:52,4.9333,-52.3333,89.1,71,0,3.0,clear sky
23,Port Macquarie,AU,2021-07-31 18:02:23,-31.4333,152.9167,57.49,76,0,9.75,clear sky
24,Lata,PT,2021-07-31 18:05:15,40.1629,-8.3327,74.05,53,63,13.69,broken clouds
25,Kaniama,CD,2021-07-31 18:05:15,-7.5667,24.1833,74.55,23,47,5.21,scattered clouds
26,Ilhabela,BR,2021-07-31 18:05:16,-23.7781,-45.3581,65.46,60,63,4.52,broken clouds
27,Bara,NG,2021-07-31 18:05:16,10.3744,10.7288,78.44,76,97,6.49,overcast clouds
28,Namatanai,PG,2021-07-31 18:05:17,-3.6667,152.4333,78.06,84,20,5.44,light rain
29,Port Augusta,AU,2021-07-31 18:05:17,-32.5,137.7667,52.7,89,100,9.35,overcast clouds
30,Serov,RU,2021-07-31 18:05:17,59.6033,60.5787,58.96,97,67,7.0,broken clouds
31,Agua Preta,BR,2021-07-31 18:05:18,-8.7075,-35.5306,79.0,69,28,12.55,scattered clouds
32,Bredasdorp,ZA,2021-07-31 18:05:18,-34.5322,20.0403,53.94,90,95,0.72,overcast clouds
33,Mataura,NZ,2021-07-31 18:05:19,-46.1927,168.8643,47.48,100,100,0.89,overcast clouds
34,Adiake,CI,2021-07-31 18:05:19,5.2863,-3.304,80.19,79,78,8.43,broken clouds
35,Cape Town,ZA,2021-07-31 18:01:00,-33.9258,18.4232,60.28,74,86,3.31,overcast clouds
36,Sao Felix Do Xingu,BR,2021-07-31 18:04:20,-6.6447,-51.995,98.19,20,42,4.12,scattered clouds
37,Camana,PE,2021-07-31 18:05:20,-16.6228,-72.7111,65.28,73,26,10.67,scattered clouds
38,Puerto Ayora,EC,2021-07-31 18:05:20,-0.7393,-90.3518,73.54,86,76,7.0,broken clouds
39,Kodiak,US,2021-07-31 18:05:21,57.79,-152.4072,51.31,87,90,6.91,overcast clouds
40,Mirnyy,RU,2021-07-31 18:05:21,62.5353,113.9611,56.01,61,17,1.5,few clouds
41,Ambilobe,MG,2021-07-31 18:05:21,-13.2,49.05,69.35,67,0,5.64,clear sky
42,Tuktoyaktuk,CA,2021-07-31 18:05:22,69.4541,-133.0374,51.46,87,99,12.86,overcast clouds
43,Lincoln,US,2021-07-31 18:05:22,40.8,-96.667,79.02,72,75,3.0,haze
44,Humaita,BR,2021-07-31 18:05:23,-7.5061,-63.0208,93.92,23,2,3.13,clear sky
45,Ilulissat,GL,2021-07-31 18:05:23,69.2167,-51.1,49.17,55,4,4.68,clear sky
46,Enshi,CN,2021-07-31 18:05:24,30.3,109.4833,75.11,83,41,1.05,scattered clouds
47,Tiksi,RU,2021-07-31 18:05:24,71.6872,128.8694,39.25,93,69,5.95,broken clouds
48,Okhotsk,RU,2021-07-31 18:05:25,59.3833,143.3,53.83,75,5,7.14,clear sky
49,Okha,RU,2021-07-31 18:05:25,53.5739,142.9478,52.05,75,100,5.21,light rain
50,Desaguadero,PE,2021-07-31 18:05:25,-16.5656,-69.0417,56.7,35,41,13.6,scattered clouds
51,Vao,NC,2021-07-31 18:05:26,-22.6667,167.4833,67.19,57,0,23.09,clear sky
52,Bethel,US,2021-07-31 18:05:26,41.3712,-73.414,76.35,54,20,3.44,few clouds
53,Rikitea,PF,2021-07-31 18:05:09,-23.1203,-134.9692,70.47,71,44,10.0,scattered clouds
54,Hithadhoo,MV,2021-07-31 18:05:27,-0.6,73.0833,81.63,72,82,5.41,broken clouds
55,Antalaha,MG,2021-07-31 18:05:27,-14.9003,50.2788,68.16,82,1,8.99,clear sky
56,Thompson,CA,2021-07-31 18:00:31,55.7435,-97.8558,73.47,34,48,7.81,scattered clouds
57,Barrow,US,2021-07-31 18:05:28,71.2906,-156.7887,46.42,95,90,13.8,light rain
58,Wajima,JP,2021-07-31 18:05:29,37.4,136.9,78.44,83,1,4.36,clear sky
59,Souillac,MU,2021-07-31 18:05:29,-20.5167,57.5167,69.37,77,3,16.31,light rain
60,Talnakh,RU,2021-07-31 18:05:30,69.4865,88.3972,54.21,77,30,14.52,scattered clouds
61,Fort Nelson,CA,2021-07-31 18:05:30,58.8053,-122.7002,81.32,39,4,1.81,clear sky
62,Bathsheba,BB,2021-07-31 18:05:31,13.2167,-59.5167,86.61,79,75,19.57,broken clouds
63,Pundaguitan,PH,2021-07-31 18:05:31,6.3711,126.1689,83.73,76,72,6.49,broken clouds
64,Hobart,AU,2021-07-31 18:05:32,-42.8794,147.3294,50.25,64,100,1.99,overcast clouds
65,Busselton,AU,2021-07-31 18:05:32,-33.65,115.3333,50.09,67,90,29.35,light rain
66,Port Elizabeth,ZA,2021-07-31 18:05:32,-33.918,25.5701,60.1,63,50,2.59,scattered clouds
67,Pisco,PE,2021-07-31 18:05:33,-13.7,-76.2167,67.01,77,75,10.36,broken clouds
68,Tasiilaq,GL,2021-07-31 18:05:33,65.6145,-37.6368,57.36,77,100,3.58,overcast clouds
69,Georgetown,MY,2021-07-31 18:05:34,5.4112,100.3354,78.73,93,40,1.01,light rain
70,Salalah,OM,2021-07-31 18:05:34,17.0151,54.0924,78.89,89,90,8.05,overcast clouds
71,Hilo,US,2021-07-31 18:02:26,19.7297,-155.09,77.79,84,90,10.36,light rain
72,Najran,SA,2021-07-31 18:05:35,17.4924,44.1277,85.05,40,97,14.88,overcast clouds
73,Ancud,CL,2021-07-31 18:05:35,-41.8697,-73.8203,49.53,61,21,3.42,few clouds
74,Mahebourg,MU,2021-07-31 18:05:35,-20.4081,57.7,69.26,70,9,16.49,light rain
75,Imamoglu,TR,2021-07-31 18:05:36,37.2651,35.6572,85.71,57,0,5.59,clear sky
76,Avarua,CK,2021-07-31 18:05:36,-21.2078,-159.775,75.25,69,79,18.41,broken clouds
77,Rio Grande,BR,2021-07-31 18:05:37,-32.035,-52.0986,60.91,73,3,10.65,clear sky
78,Pangai,TO,2021-07-31 18:05:37,-19.8,-174.35,75.56,83,73,18.52,light rain
79,Laguna,US,2021-07-31 18:05:38,38.421,-121.4238,94.21,49,1,5.01,clear sky
80,Namibe,AO,2021-07-31 18:05:38,-15.1961,12.1522,68.52,93,2,3.83,clear sky
81,Ushuaia,AR,2021-07-31 18:00:55,-54.8,-68.3,39.15,91,88,7.29,light rain
82,Cidreira,BR,2021-07-31 18:05:39,-30.1811,-50.2056,58.05,73,0,14.99,clear sky
83,Butaritari,KI,2021-07-31 18:05:39,3.0707,172.7902,80.55,76,53,3.18,broken clouds
84,High Level,CA,2021-07-31 18:05:40,58.5169,-117.136,80.24,36,0,6.44,clear sky
85,Ayia Marina,GR,2021-07-31 18:05:40,37.75,23.5333,94.44,72,0,7.36,clear sky
86,Port Alfred,ZA,2021-07-31 18:05:41,-33.5906,26.891,65.57,51,62,5.37,broken clouds
87,Cabo San Lucas,MX,2021-07-31 18:05:41,22.8909,-109.9124,97.9,38,20,4.61,few clouds
88,Hermanus,ZA,2021-07-31 18:03:02,-34.4187,19.2345,57.9,81,98,2.42,overcast clouds
89,New Norfolk,AU,2021-07-31 18:05:42,-42.7826,147.0587,49.91,68,96,1.99,overcast clouds
90,Malibu,US,2021-07-31 18:05:42,34.005,-118.8101,98.46,64,39,8.66,scattered clouds
91,Chapais,CA,2021-07-31 18:05:43,49.7834,-74.8492,53.26,53,100,6.91,overcast clouds
92,Yellowknife,CA,2021-07-31 18:05:43,62.456,-114.3525,77.29,47,6,1.01,clear sky
93,Faya,SA,2021-07-31 18:05:44,18.3851,42.4509,63.12,80,91,9.26,overcast clouds
94,Porto Novo,BJ,2021-07-31 18:05:44,6.4965,2.6036,78.19,79,39,7.92,scattered clouds
95,Vila,PT,2021-07-31 18:02:03,42.0304,-8.1588,62.33,62,62,8.43,broken clouds
96,Codrington,AU,2021-07-31 18:01:23,-38.2667,141.9667,45.03,88,100,8.81,overcast clouds
97,Port-Gentil,GA,2021-07-31 18:05:45,-0.7193,8.7815,76.17,77,16,14.65,few clouds
98,Saint-Augustin,CA,2021-07-31 18:05:45,51.226,-58.6502,56.52,90,100,12.8,overcast clouds
99,Saint-Joseph,RE,2021-07-31 18:05:46,-21.3667,55.6167,70.18,76,26,15.48,scattered clouds
100,Sao Filipe,CV,2021-07-31 18:05:46,14.8961,-24.4956,76.62,83,61,10.18,broken clouds
101,Isangel,VU,2021-07-31 18:01:07,-19.55,169.2667,68.54,58,4,14.27,clear sky
102,Ostrovnoy,RU,2021-07-31 18:05:47,68.0531,39.5131,48.02,91,100,7.07,overcast clouds
103,Wheeling,US,2021-07-31 18:05:47,42.1392,-87.929,80.02,54,40,6.91,scattered clouds
104,Evensk,RU,2021-07-31 18:05:48,61.95,159.2333,46.74,64,46,3.29,scattered clouds
105,Luwuk,ID,2021-07-31 18:05:48,-0.9516,122.7875,76.12,89,20,4.45,few clouds
106,Thinadhoo,MV,2021-07-31 18:05:49,0.5333,72.9333,82.71,67,92,2.37,overcast clouds
107,Kavaratti,IN,2021-07-31 18:05:49,10.5669,72.642,81.52,81,63,14.94,light rain
108,Te Anau,NZ,2021-07-31 18:01:24,-45.4167,167.7167,46.49,97,100,1.01,overcast clouds
109,Mwinilunga,ZM,2021-07-31 18:05:50,-11.7358,24.4293,60.04,41,0,4.92,clear sky
110,Casper,US,2021-07-31 18:05:51,42.8666,-106.3131,75.81,50,1,8.99,clear sky
111,Estepona,ES,2021-07-31 18:05:51,36.4276,-5.1459,91.31,28,52,13.47,broken clouds
112,Castro,BR,2021-07-31 18:05:52,-24.7911,-50.0119,56.23,51,100,7.65,overcast clouds
113,Kaitangata,NZ,2021-07-31 18:05:52,-46.2817,169.8464,47.68,97,100,2.73,overcast clouds
114,Sao Gabriel Da Cachoeira,BR,2021-07-31 18:01:42,-0.1303,-67.0892,88.95,44,66,1.86,broken clouds
115,Zamania,IN,2021-07-31 18:05:53,25.4333,83.5667,79.41,85,99,17.78,overcast clouds
116,Cap Malheureux,MU,2021-07-31 18:05:53,-19.9842,57.6142,69.48,69,8,4.0,clear sky
117,Faanui,PF,2021-07-31 18:05:53,-16.4833,-151.75,77.4,66,64,17.65,broken clouds
118,Meulaboh,ID,2021-07-31 18:05:54,4.1363,96.1285,75.54,86,100,4.29,light rain
119,Shitkino,RU,2021-07-31 18:05:54,56.3703,98.3543,59.72,87,100,2.93,overcast clouds
120,Alta Floresta,BR,2021-07-31 18:05:55,-9.8756,-56.0861,96.1,18,57,6.64,broken clouds
121,Ibotirama,BR,2021-07-31 18:03:46,-12.1853,-43.2206,92.61,24,59,7.29,broken clouds
122,Broome,US,2021-07-31 18:05:55,42.2506,-75.833,71.71,56,40,1.99,scattered clouds
123,Jamestown,US,2021-07-31 18:04:41,42.097,-79.2353,72.3,58,40,3.0,scattered clouds
124,Hervey Bay,AU,2021-07-31 18:05:56,-25.2986,152.8535,63.01,88,0,3.0,clear sky
125,Pevek,RU,2021-07-31 18:01:05,69.7008,170.3133,35.19,80,91,1.48,overcast clouds
126,Tuatapere,NZ,2021-07-31 18:05:57,-46.1333,167.6833,47.82,98,100,3.11,overcast clouds
127,San Policarpo,PH,2021-07-31 18:05:57,12.1791,125.5072,81.81,80,95,8.9,overcast clouds
128,Nuuk,GL,2021-07-31 18:05:57,64.1835,-51.7216,52.41,76,75,8.05,broken clouds
129,Hibbing,US,2021-07-31 18:05:58,47.4272,-92.9377,76.5,53,20,13.8,haze
130,Sagae,JP,2021-07-31 18:01:14,38.3725,140.2725,74.75,97,42,2.15,scattered clouds
131,Banda Aceh,ID,2021-07-31 18:05:59,5.5577,95.3222,81.43,70,99,15.1,overcast clouds
132,Kununurra,AU,2021-07-31 18:05:59,-15.7667,128.7333,67.98,94,5,4.61,clear sky
133,Esperance,AU,2021-07-31 18:06:00,-33.8667,121.9,48.04,71,5,26.31,clear sky
134,Longyearbyen,SJ,2021-07-31 18:06:00,78.2186,15.6401,44.44,70,75,11.5,broken clouds
135,Saint Austell,GB,2021-07-31 18:06:01,50.3383,-4.7658,66.02,88,75,12.66,broken clouds
136,Dillon,US,2021-07-31 18:06:01,34.4166,-79.3712,97.12,43,77,4.07,broken clouds
137,Xingyi,CN,2021-07-31 18:06:02,24.1877,102.817,62.17,97,100,3.58,light rain
138,Nyazepetrovsk,RU,2021-07-31 18:06:02,56.0531,59.6028,62.47,97,100,3.0,overcast clouds
139,Kvitok,RU,2021-07-31 18:06:03,56.0724,98.4813,59.25,86,100,3.2,overcast clouds
140,College,US,2021-07-31 18:05:34,64.8569,-147.8028,65.08,71,75,3.44,broken clouds
141,Chauk,MM,2021-07-31 18:06:04,20.8833,94.8167,81.3,77,100,14.76,overcast clouds
142,Delta Del Tigre,UY,2021-07-31 18:06:05,-34.7633,-56.3853,61.21,48,0,5.75,clear sky
143,Kamenka,RU,2021-07-31 18:06:05,51.3223,42.7678,73.72,68,68,5.23,broken clouds
144,Lorengau,PG,2021-07-31 18:06:05,-2.0226,147.2712,79.83,79,89,2.26,overcast clouds
145,Piacabucu,BR,2021-07-31 18:06:06,-10.4056,-36.4344,76.01,85,17,16.58,few clouds
146,Touros,BR,2021-07-31 18:06:07,-5.1989,-35.4608,85.1,57,88,19.28,overcast clouds
147,Carnarvon,AU,2021-07-31 18:06:07,-24.8667,113.6333,51.87,56,90,5.75,overcast clouds
148,Teya,RU,2021-07-31 18:06:07,60.3778,92.6267,52.75,72,38,3.74,scattered clouds
149,Leningradskiy,RU,2021-07-31 18:06:08,69.3833,178.4167,32.58,90,99,11.36,overcast clouds
150,Bengkulu,ID,2021-07-31 18:06:09,-3.8004,102.2655,75.74,91,50,4.25,scattered clouds
151,Andenes,NO,2021-07-31 18:06:09,69.3143,16.1194,49.06,81,90,9.22,overcast clouds
152,Severo-Kurilsk,RU,2021-07-31 18:06:10,50.6789,156.125,53.29,97,100,2.77,overcast clouds
153,Inirida,CO,2021-07-31 18:06:10,3.8653,-67.9239,76.48,80,98,3.94,overcast clouds
154,Pilar,BR,2021-07-31 18:06:11,-9.5972,-35.9567,80.53,75,18,11.9,few clouds
155,Skjervoy,NO,2021-07-31 18:01:34,70.0311,20.9714,45.72,79,100,4.09,overcast clouds
156,Samarai,PG,2021-07-31 18:06:12,-10.6167,150.6667,78.21,67,100,15.66,overcast clouds
157,Ribeira Grande,PT,2021-07-31 18:06:12,38.5167,-28.7,77.4,73,20,13.8,few clouds
158,Lompoc,US,2021-07-31 18:06:12,34.6391,-120.4579,73.92,82,90,10.36,overcast clouds
159,Provideniya,RU,2021-07-31 18:06:13,64.3833,-173.3,45.54,85,100,3.42,overcast clouds
160,Muisne,EC,2021-07-31 18:06:13,0.6,-80.0333,76.01,85,100,11.43,overcast clouds
161,Saint-Philippe,RE,2021-07-31 18:06:14,-21.3585,55.7679,71.19,79,48,14.52,scattered clouds
162,Wonthaggi,AU,2021-07-31 18:06:14,-38.6044,145.5913,48.7,86,100,12.08,overcast clouds
163,Tahe,CN,2021-07-31 18:06:15,52.3333,124.7333,50.74,99,100,6.06,moderate rain
164,Northam,GB,2021-07-31 18:06:15,51.0333,-4.2167,66.34,90,67,9.42,broken clouds
165,Kruisfontein,ZA,2021-07-31 18:06:16,-34.0033,24.7314,57.88,63,72,1.68,broken clouds
166,Berbera,SO,2021-07-31 18:06:16,10.4396,45.0143,91.94,37,37,23.35,scattered clouds
167,Lebu,CL,2021-07-31 18:06:17,-37.6167,-73.65,52.47,61,44,15.41,scattered clouds
168,Hay River,CA,2021-07-31 18:06:17,60.8156,-115.7999,75.9,46,0,10.0,clear sky
169,Itarema,BR,2021-07-31 18:06:18,-2.9248,-39.9167,85.37,56,73,17.87,broken clouds
170,Mecca,SA,2021-07-31 18:01:21,21.4267,39.8261,90.72,46,100,13.29,overcast clouds
171,Dunedin,NZ,2021-07-31 18:06:18,-45.8742,170.5036,50.81,84,100,15.01,light rain
172,Sinnamary,GF,2021-07-31 18:06:19,5.3833,-52.95,85.42,65,87,8.25,overcast clouds
173,Tecpan,GT,2021-07-31 18:06:19,14.7623,-90.9947,70.56,55,6,7.34,clear sky
174,Ishigaki,JP,2021-07-31 18:06:20,24.3448,124.1572,83.35,84,100,20.67,overcast clouds
175,Poum,NC,2021-07-31 18:06:20,-20.2333,164.0167,68.16,59,4,17.69,clear sky
176,Alofi,NU,2021-07-31 18:06:20,-19.0595,-169.9187,77.72,88,100,23.47,overcast clouds
177,Miles City,US,2021-07-31 18:03:24,46.4083,-105.8406,90.57,22,1,10.36,clear sky
178,Raton,US,2021-07-31 18:06:21,36.9034,-104.4391,80.06,48,1,1.01,clear sky
179,Port Hedland,AU,2021-07-31 18:06:22,-20.3167,118.5667,60.85,59,3,8.05,clear sky
180,Aklavik,CA,2021-07-31 18:06:22,68.2191,-135.0107,67.84,54,74,3.13,broken clouds
181,Chokurdakh,RU,2021-07-31 18:06:22,70.6333,147.9167,36.3,82,100,20.58,overcast clouds
182,Canmore,CA,2021-07-31 18:06:23,51.0834,-115.3521,83.25,17,2,1.23,clear sky
183,Mandera,KE,2021-07-31 18:06:23,3.9366,41.867,86.16,37,99,21.56,overcast clouds
184,Bilma,NE,2021-07-31 18:06:24,18.6853,12.9164,102.09,10,84,5.73,broken clouds
185,Fortuna,US,2021-07-31 18:06:24,40.5982,-124.1573,84.42,86,1,11.5,clear sky
186,Grand Gaube,MU,2021-07-31 18:06:24,-20.0064,57.6608,69.39,69,2,4.0,clear sky
187,Quatre Cocos,MU,2021-07-31 18:06:25,-20.2078,57.7625,69.1,64,10,16.73,clear sky
188,Valer,NO,2021-07-31 18:06:25,60.6785,11.8331,65.89,95,100,3.24,overcast clouds
189,Mount Gambier,AU,2021-07-31 18:06:26,-37.8333,140.7667,44.69,84,100,6.13,overcast clouds
190,Cockburn Town,TC,2021-07-31 18:06:26,21.4612,-71.1419,85.96,66,40,12.66,scattered clouds
191,Denpasar,ID,2021-07-31 18:06:27,-8.65,115.2167,78.46,89,20,10.36,few clouds
192,Goose Creek,US,2021-07-31 18:06:27,32.981,-80.0326,95.9,68,75,1.99,broken clouds
193,Upernavik,GL,2021-07-31 18:06:28,72.7868,-56.1549,43.61,75,98,4.25,overcast clouds
194,Iqaluit,CA,2021-07-31 18:06:28,63.7506,-68.5145,47.95,64,73,7.76,broken clouds
195,Kirillov,RU,2021-07-31 18:06:28,59.863,38.3813,60.73,85,81,9.26,broken clouds
196,Lagoa,PT,2021-07-31 18:06:29,39.05,-27.9833,71.46,78,52,9.1,broken clouds
197,Grand-Lahou,CI,2021-07-31 18:06:29,5.1367,-5.0242,77.2,84,53,9.37,light rain
198,Lander,US,2021-07-31 18:03:23,42.833,-108.7307,78.12,68,90,3.44,overcast clouds
199,Nikolskoye,RU,2021-07-31 18:06:30,59.7035,30.7861,69.69,68,8,3.6,clear sky
200,Sutton,GB,2021-07-31 18:06:30,51.35,-0.2,65.89,89,20,1.01,few clouds
201,Nizwa,OM,2021-07-31 18:06:31,22.9333,57.5333,96.67,32,43,4.23,scattered clouds
202,Tomatlan,MX,2021-07-31 18:06:31,19.9333,-105.25,84.45,70,100,2.73,overcast clouds
203,Hongjiang,CN,2021-07-31 18:06:32,27.11,109.9956,79.99,73,95,2.19,overcast clouds
204,Hambantota,LK,2021-07-31 18:01:35,6.1241,81.1185,79.95,80,93,17.96,overcast clouds
205,Arraial Do Cabo,BR,2021-07-31 18:06:32,-22.9661,-42.0278,60.66,94,90,5.75,light intensity drizzle
206,Kenai,US,2021-07-31 18:06:33,60.5544,-151.2583,61.03,80,90,0.0,overcast clouds
207,Chingola,ZM,2021-07-31 18:06:33,-12.529,27.8838,62.31,48,4,8.59,clear sky
208,Altay,CN,2021-07-31 18:06:34,47.8667,88.1167,60.69,51,93,3.62,overcast clouds
209,Troitsko-Pechorsk,RU,2021-07-31 18:06:34,62.7084,56.1964,59.54,98,100,9.08,overcast clouds
210,Chambas,CU,2021-07-31 18:06:35,22.1928,-78.9136,92.82,58,17,9.35,few clouds
211,Powell River,CA,2021-07-31 18:06:35,49.8496,-124.5361,81.34,67,95,3.4,overcast clouds
212,Coquimbo,CL,2021-07-31 18:06:36,-29.9533,-71.3436,56.93,71,20,12.66,few clouds
213,Katsuura,JP,2021-07-31 18:06:36,35.1333,140.3,81.1,86,40,4.63,scattered clouds
214,West Wendover,US,2021-07-31 18:06:36,40.7391,-114.0733,81.61,42,1,6.91,clear sky
215,Moyale,KE,2021-07-31 18:06:37,3.5167,39.0584,72.86,52,95,22.32,overcast clouds
216,Le Pradet,FR,2021-07-31 18:06:37,43.1066,6.0172,84.69,63,0,9.22,clear sky
217,Senanga,ZM,2021-07-31 18:06:38,-16.1167,23.2667,63.27,34,9,6.78,clear sky
218,Antofagasta,CL,2021-07-31 18:06:38,-23.65,-70.4,66.22,63,13,9.78,few clouds
219,Gat,IL,2021-07-31 18:06:39,31.61,34.7642,84.4,58,0,5.35,clear sky
220,Huarmey,PE,2021-07-31 18:06:39,-10.0681,-78.1522,70.79,68,26,12.08,scattered clouds
221,Palmer,US,2021-07-31 18:06:39,42.1584,-72.3287,75.49,48,9,1.01,clear sky
222,Isiro,CD,2021-07-31 18:06:40,2.7739,27.616,65.64,99,100,1.83,light rain
223,Airai,TL,2021-07-31 18:06:40,-8.9266,125.4092,58.51,92,47,3.4,scattered clouds
224,Tura,IN,2021-07-31 18:06:41,25.5198,90.2201,74.12,98,99,5.32,overcast clouds
225,Okakarara,NA,2021-07-31 18:06:41,-20.5833,17.4333,56.91,27,0,8.84,clear sky
226,San Quintin,MX,2021-07-31 18:02:21,30.4833,-115.95,77.05,66,1,11.25,clear sky
227,Matara,LK,2021-07-31 18:06:42,5.9485,80.5353,78.67,87,91,10.67,overcast clouds
228,Pangkalanbuun,ID,2021-07-31 18:06:42,-2.6833,111.6167,73.76,95,78,2.01,broken clouds
229,Tynda,RU,2021-07-31 18:06:43,55.1667,124.7167,52.97,79,100,4.52,overcast clouds
230,Yen Bai,VN,2021-07-31 18:06:43,21.7,104.8667,77.95,96,100,4.12,heavy intensity rain
231,Sorland,NO,2021-07-31 18:06:43,67.667,12.6934,49.59,74,92,11.07,overcast clouds
232,Phetchabun,TH,2021-07-31 18:06:44,16.25,101.0833,76.28,94,100,2.68,overcast clouds
233,Saint Andrews,US,2021-07-31 18:06:44,34.0454,-81.1293,96.33,58,75,1.01,haze
234,Salvador,SV,2021-07-31 18:06:45,13.8333,-88.9167,87.04,57,18,2.48,few clouds
235,Takoradi,GH,2021-07-31 18:06:45,4.8845,-1.7554,77.92,81,74,9.33,broken clouds
236,Kavieng,PG,2021-07-31 18:06:46,-2.5744,150.7967,80.69,76,22,6.4,light rain
237,Camabatela,AO,2021-07-31 18:06:46,-8.1881,15.375,73.06,26,2,4.54,clear sky
238,Norman Wells,CA,2021-07-31 18:06:47,65.282,-126.8329,77.88,44,40,4.76,scattered clouds
239,Joshimath,IN,2021-07-31 18:06:47,30.5667,79.5667,72.01,92,97,1.01,overcast clouds
240,Sarangani,PH,2021-07-31 18:06:48,5.4033,125.4636,83.97,77,33,12.37,scattered clouds
241,Daru,PG,2021-07-31 18:06:48,-9.0763,143.2092,76.57,87,99,17.47,moderate rain
242,Alamos,MX,2021-07-31 18:06:48,27.0167,-108.9333,95.23,35,0,4.07,clear sky
243,Severobaykalsk,RU,2021-07-31 18:06:49,55.65,109.3167,50.43,88,49,0.89,scattered clouds
244,Yulara,AU,2021-07-31 18:06:49,-25.2406,130.9889,53.44,76,75,0.0,broken clouds
245,Xichang,CN,2021-07-31 18:06:50,27.8964,102.2634,61.65,82,21,1.79,few clouds
246,Ardakan,IR,2021-07-31 18:06:50,32.31,54.0175,92.05,16,26,10.13,scattered clouds
247,Kieta,PG,2021-07-31 18:06:50,-6.2167,155.6333,77.81,84,99,6.29,light rain
248,Truro,GB,2021-07-31 18:06:51,50.2653,-5.0544,66.54,94,75,12.66,broken clouds
249,Lodwar,KE,2021-07-31 18:06:51,3.1191,35.5973,86.79,37,100,4.05,overcast clouds
250,Zhezkazgan,KZ,2021-07-31 18:06:52,47.8043,67.7144,80.65,20,0,4.76,clear sky
251,Waipawa,NZ,2021-07-31 18:06:52,-41.4122,175.5153,43.43,92,54,3.27,broken clouds
252,Dzaoudzi,YT,2021-07-31 18:06:53,-12.7887,45.2699,75.09,78,0,10.36,clear sky
253,Saint George,US,2021-07-31 18:06:53,37.1041,-113.5841,92.53,38,63,4.0,broken clouds
254,Mar Del Plata,AR,2021-07-31 18:02:39,-38.0023,-57.5575,52.88,3,75,3.0,broken clouds
255,Miranda,CO,2021-07-31 18:06:54,3.2499,-76.2281,86.13,45,56,4.36,broken clouds
256,Chuy,UY,2021-07-31 18:06:54,-33.6971,-53.4616,56.86,65,0,5.99,clear sky
257,Cherskiy,RU,2021-07-31 18:06:55,68.75,161.3,41.9,92,100,14.54,light rain
258,Lufilufi,WS,2021-07-31 18:06:55,-13.8745,-171.5986,79.79,73,70,16.78,broken clouds
259,Rovaniemi,FI,2021-07-31 18:06:56,66.5,25.7167,62.01,67,0,4.61,clear sky
260,Sorong,ID,2021-07-31 18:06:56,-0.8833,131.25,78.1,89,8,7.7,clear sky
261,Markova,UA,2021-07-31 18:06:57,48.6758,24.4138,65.79,86,48,5.73,scattered clouds
262,Semnan,IR,2021-07-31 18:06:57,35.5729,53.3971,83.88,36,22,5.79,few clouds
263,Sai Buri,TH,2021-07-31 18:06:58,6.7013,101.6168,78.42,82,100,8.84,overcast clouds
264,Colonial Park,US,2021-07-31 18:06:58,40.3006,-76.8097,78.85,51,40,3.0,scattered clouds
265,Mogapi,BW,2021-07-31 18:06:59,-22.323,27.8349,54.91,52,0,6.73,clear sky
266,Kiama,AU,2021-07-31 18:06:59,-34.6833,150.8667,64.26,57,43,8.28,scattered clouds
267,Ichalkaranji,IN,2021-07-31 18:07:00,16.7,74.4667,73.4,82,89,19.01,overcast clouds
268,Amahai,ID,2021-07-31 18:07:00,-3.3333,128.9167,77.07,90,49,2.64,light rain
269,Yei,SS,2021-07-31 18:07:00,4.095,30.6779,68.13,94,98,3.04,overcast clouds
270,Torbay,CA,2021-07-31 18:07:01,47.6666,-52.7314,68.76,80,93,19.35,overcast clouds
271,Edd,ER,2021-07-31 18:07:03,13.9297,41.6925,89.2,69,84,5.91,light rain
272,Rancho Grande,BR,2021-07-31 18:07:03,-23.5057,-46.3585,64.56,45,0,11.5,clear sky
273,Whitehorse,CA,2021-07-31 18:07:04,60.7161,-135.0538,69.1,47,9,4.05,clear sky
274,Lamu,KE,2021-07-31 18:07:05,-2.2717,40.902,74.89,83,73,20.02,light rain
275,Celestun,MX,2021-07-31 18:07:05,20.8667,-90.4,89.06,60,35,10.18,scattered clouds
276,Mahon,ES,2021-07-31 18:07:06,39.8885,4.2658,81.16,78,40,5.75,scattered clouds
277,Ouidah,BJ,2021-07-31 18:07:06,6.3631,2.0851,78.19,80,23,10.63,few clouds
278,Ixtapa,MX,2021-07-31 18:07:07,20.7,-105.2,84.22,74,90,2.3,overcast clouds
279,Deputatskiy,RU,2021-07-31 18:07:07,69.3,139.9,44.31,79,96,7.36,overcast clouds
280,Bowen,AU,2021-07-31 18:07:08,-20.0167,148.2333,69.91,85,30,7.27,scattered clouds
281,Las Choapas,MX,2021-07-31 18:07:08,17.9333,-94.0833,86.05,58,66,7.78,broken clouds
282,Mayo,US,2021-07-31 18:07:09,38.8876,-76.5119,84.38,54,78,4.0,broken clouds
283,Beloha,MG,2021-07-31 18:07:09,-25.1667,45.05,66.42,74,0,14.23,clear sky
284,Sitka,US,2021-07-31 18:07:10,57.0531,-135.33,60.69,88,75,4.61,mist
285,Vadinsk,RU,2021-07-31 18:07:10,53.6916,43.0574,71.42,56,38,5.88,scattered clouds
286,Atar,MR,2021-07-31 18:07:10,20.5169,-13.0499,107.65,15,22,15.46,few clouds
287,Lavrentiya,RU,2021-07-31 18:07:11,65.5833,-171.0,43.11,89,100,7.74,light rain
288,Basudebpur,IN,2021-07-31 18:07:11,21.1353,86.7386,81.52,80,99,9.82,overcast clouds
289,Tres Arroyos,AR,2021-07-31 18:07:12,-38.3739,-60.2798,56.34,46,47,11.23,scattered clouds
290,Chara,RU,2021-07-31 18:07:12,56.9064,118.2631,54.88,69,79,2.28,broken clouds
291,Srednekolymsk,RU,2021-07-31 18:07:13,67.45,153.6833,40.59,82,82,14.94,light rain
292,Aksarka,RU,2021-07-31 18:07:13,66.5606,67.7975,47.3,82,34,6.73,scattered clouds
293,Glencoe,ZA,2021-07-31 18:07:13,-28.1783,30.147,54.32,27,0,2.59,clear sky
294,Nioro,GM,2021-07-31 18:07:14,13.35,-15.75,85.08,65,99,7.74,overcast clouds
295,Sovetskiy,RU,2021-07-31 18:07:14,61.3614,63.5842,58.68,73,35,5.53,scattered clouds
296,Curaca,BR,2021-07-31 18:07:15,-8.9903,-39.9094,77.68,60,91,18.34,overcast clouds
297,Qaanaaq,GL,2021-07-31 18:07:15,77.484,-69.3632,42.93,84,57,3.2,broken clouds
298,Marseille,FR,2021-07-31 18:06:55,43.3333,5.5,80.91,42,1,11.01,clear sky
299,Kijang,KR,2021-07-31 18:07:16,35.2442,129.2139,80.06,86,61,1.25,broken clouds
300,Nemuro,JP,2021-07-31 18:07:16,43.3236,145.575,65.19,99,100,13.98,overcast clouds
301,Paamiut,GL,2021-07-31 18:07:17,61.994,-49.6678,46.0,84,86,16.26,overcast clouds
302,Wajir,KE,2021-07-31 18:07:17,1.7471,40.0573,82.02,38,67,14.61,broken clouds
303,Port Lincoln,AU,2021-07-31 18:07:17,-34.7333,135.8667,49.66,78,61,8.97,broken clouds
304,Egvekinot,RU,2021-07-31 18:07:18,66.3167,-179.1667,33.15,73,97,10.25,overcast clouds
305,Abilene,US,2021-07-31 18:05:44,32.4487,-99.7331,99.18,38,1,6.91,clear sky
306,Bintulu,MY,2021-07-31 18:07:19,3.1667,113.0333,79.12,86,29,2.64,scattered clouds
307,Mareeba,AU,2021-07-31 18:07:19,-17.0,145.4333,62.44,96,69,2.89,broken clouds
308,Geraldton,AU,2021-07-31 18:07:19,-28.7667,114.6,61.12,67,75,12.66,broken clouds
309,Palmas,BR,2021-07-31 18:07:20,-10.2128,-48.3603,94.87,31,20,6.91,few clouds
310,La Ronge,CA,2021-07-31 18:07:20,55.1001,-105.2842,71.01,41,0,3.94,clear sky
311,Tual,ID,2021-07-31 18:07:21,-5.6667,132.75,80.87,79,36,13.8,scattered clouds
312,Gilgit,PK,2021-07-31 18:07:21,35.9221,74.3087,82.17,55,88,1.57,overcast clouds
313,Korem,ET,2021-07-31 18:07:21,12.5058,39.5228,59.83,78,94,1.43,light rain
314,Iisalmi,FI,2021-07-31 18:07:22,63.5592,27.1907,66.22,86,28,2.71,light rain
315,Labuhan,ID,2021-07-31 18:07:22,-6.8844,112.2051,76.08,82,63,6.55,broken clouds
316,Kuytun,RU,2021-07-31 18:07:22,54.3419,101.5036,60.67,62,100,5.93,overcast clouds
317,Soe,ID,2021-07-31 18:07:23,-9.8607,124.284,62.31,94,41,3.13,scattered clouds
318,Zachary,US,2021-07-31 18:06:16,30.6485,-91.1565,95.72,75,75,5.75,broken clouds
319,Pombas,CV,2021-07-31 18:07:24,17.1503,-25.0201,74.61,80,94,13.31,overcast clouds
320,Tonj,SS,2021-07-31 18:07:24,7.2737,28.6822,70.38,92,100,2.89,overcast clouds
321,Shenjiamen,CN,2021-07-31 18:07:25,29.9576,122.298,78.96,95,99,11.88,light rain
322,Aswan,EG,2021-07-31 18:07:25,24.0934,32.907,97.29,12,44,8.55,scattered clouds
323,Havre-Saint-Pierre,CA,2021-07-31 18:07:25,50.2334,-63.5986,57.56,94,90,17.27,mist
324,Ulladulla,AU,2021-07-31 18:07:26,-35.35,150.4667,63.88,70,1,6.93,clear sky
325,Shahpura,IN,2021-07-31 18:07:26,27.3833,75.9667,78.13,85,84,2.8,broken clouds
326,Igrim,RU,2021-07-31 18:07:27,63.1906,64.4162,54.09,70,44,5.37,scattered clouds
327,Ucluelet,CA,2021-07-31 18:05:03,48.9329,-125.5528,59.31,72,20,8.34,few clouds
328,Saskylakh,RU,2021-07-31 18:07:27,71.9167,114.0833,65.75,39,0,8.57,clear sky
329,Saryozek,KZ,2021-07-31 18:07:28,44.3583,77.9753,60.44,36,0,3.71,clear sky
330,Gigmoto,PH,2021-07-31 18:07:28,13.7796,124.39,80.92,85,94,8.16,overcast clouds
331,Aasiaat,GL,2021-07-31 18:07:28,68.7098,-52.8699,42.91,83,8,15.46,clear sky
332,Road Town,VG,2021-07-31 18:03:43,18.4167,-64.6167,87.21,77,50,15.19,scattered clouds
333,Salinopolis,BR,2021-07-31 18:07:29,-0.6136,-47.3561,80.82,85,48,10.16,moderate rain
334,Bull Savanna,JM,2021-07-31 18:07:30,17.8868,-77.5902,87.53,59,0,15.28,clear sky
335,Beruwala,LK,2021-07-31 18:07:30,6.4788,79.9828,79.14,86,90,9.24,overcast clouds
336,Bandipur,NP,2021-07-31 18:07:30,27.9333,84.4167,69.44,95,81,1.34,broken clouds
337,Lithgow,AU,2021-07-31 18:07:31,-33.4833,150.15,44.87,82,0,6.93,clear sky
338,Saquena,PE,2021-07-31 18:07:31,-4.6667,-73.5167,88.0,37,16,2.46,few clouds
339,Sterling,US,2021-07-31 18:07:32,39.0062,-77.4286,84.11,49,20,1.01,few clouds
340,Sur,OM,2021-07-31 18:07:32,22.5667,59.5289,91.02,56,72,13.27,broken clouds
341,Korcula,HR,2021-07-31 18:07:33,42.9622,17.1369,82.6,63,0,5.37,clear sky
342,Green,US,2021-07-31 18:07:33,40.9459,-81.4832,76.87,55,40,4.61,scattered clouds
343,Dunmore Town,BS,2021-07-31 18:07:33,25.5,-76.65,83.88,70,17,8.48,few clouds
344,Nanortalik,GL,2021-07-31 18:07:34,60.1432,-45.2371,48.85,79,38,11.83,scattered clouds
345,Coihueco,CL,2021-07-31 18:07:34,-36.6167,-71.8333,54.34,67,0,10.36,clear sky
346,Baghmara,IN,2021-07-31 18:07:35,23.795,86.2085,78.01,87,100,6.82,overcast clouds
347,Chicama,PE,2021-07-31 18:07:35,-7.8447,-79.1469,64.94,58,10,10.31,clear sky
348,Wewak,PG,2021-07-31 18:07:36,-3.5534,143.6268,77.56,87,83,4.0,broken clouds
349,Soria,ES,2021-07-31 18:07:36,41.6667,-2.6667,56.01,68,99,9.33,overcast clouds
350,Libertador General San Martin,AR,2021-07-31 18:07:37,-23.8064,-64.7876,70.97,21,14,3.11,few clouds
351,Ascension,US,2021-07-31 18:07:37,30.2169,-90.9001,96.06,67,75,5.75,broken clouds
352,Yatou,CN,2021-07-31 18:07:37,37.15,122.3833,76.06,95,0,7.67,clear sky
353,Guatire,VE,2021-07-31 18:07:38,10.4762,-66.5427,84.7,80,24,0.4,few clouds
354,Shebunino,RU,2021-07-31 18:07:38,46.4339,141.8603,64.62,90,62,11.5,broken clouds
355,Blonie,PL,2021-07-31 18:07:38,52.1985,20.6171,77.14,80,85,8.12,overcast clouds
356,Portland,US,2021-07-31 18:05:27,45.5234,-122.6762,84.52,54,75,1.99,broken clouds
357,Baldwin,US,2021-07-31 18:07:39,30.7505,-87.7667,96.15,39,36,3.87,scattered clouds
358,Tshikapa,CD,2021-07-31 18:07:39,-6.4167,20.8,81.86,22,76,4.63,broken clouds
359,Uribia,CO,2021-07-31 18:07:40,11.7139,-72.266,92.79,43,1,23.13,clear sky
360,Bosaso,SO,2021-07-31 18:07:40,11.2842,49.1816,87.06,56,97,3.06,overcast clouds
361,Xuchang,CN,2021-07-31 18:07:41,34.0167,113.8167,80.76,81,1,7.14,clear sky
362,Pacifica,US,2021-07-31 18:07:41,37.6138,-122.4869,81.27,79,20,4.0,few clouds
363,Anadyr,RU,2021-07-31 18:07:41,64.75,177.4833,41.0,86,46,4.52,scattered clouds
364,Flinders,AU,2021-07-31 18:07:42,-34.5833,150.8552,64.06,72,38,7.76,scattered clouds
365,Ca Mau,VN,2021-07-31 18:07:42,9.1769,105.15,77.76,91,57,6.06,broken clouds
366,Apastovo,RU,2021-07-31 18:07:43,55.2029,48.5109,73.71,65,52,7.43,broken clouds
367,Sechura,PE,2021-07-31 18:07:43,-5.5569,-80.8222,78.03,56,6,11.05,clear sky
368,Vila Velha,BR,2021-07-31 18:07:43,-20.3297,-40.2925,73.96,66,75,18.41,broken clouds
369,San Carlos Del Zulia,VE,2021-07-31 18:07:44,9.0,-71.9135,95.92,41,5,4.07,clear sky
370,Bada,RU,2021-07-31 18:07:44,51.392,109.8717,53.73,97,8,3.83,clear sky
371,Mikhaylovka,RU,2021-07-31 18:07:45,50.06,43.2379,72.99,72,55,5.41,broken clouds
372,Aguimes,ES,2021-07-31 18:07:45,27.9054,-15.4461,77.67,65,20,33.38,few clouds
373,Pregradnaya,RU,2021-07-31 18:07:45,43.9508,41.1994,63.32,87,38,5.19,scattered clouds
374,Hokitika,NZ,2021-07-31 18:07:46,-42.7167,170.9667,49.73,87,100,4.59,overcast clouds
375,Sao Paulo De Olivenca,BR,2021-07-31 18:07:46,-3.3783,-68.8725,85.93,36,94,3.2,overcast clouds
376,Gonda,IN,2021-07-31 18:07:47,27.1333,81.9333,81.03,86,70,14.43,broken clouds
377,Cabo Rojo,PR,2021-07-31 18:07:47,18.0866,-67.1457,91.26,70,28,8.99,scattered clouds
378,Uray,RU,2021-07-31 18:07:48,60.1247,64.7758,57.92,77,4,6.44,clear sky
379,Dudinka,RU,2021-07-31 18:07:48,69.4058,86.1778,50.5,93,76,13.09,broken clouds
380,Sao Domingos,BR,2021-07-31 18:07:49,-13.3983,-46.3183,89.11,26,25,9.8,scattered clouds
381,Zlobin,HR,2021-07-31 18:07:49,45.2924,14.6541,76.3,58,0,3.44,clear sky
382,Kuvshinovo,RU,2021-07-31 18:07:50,57.0295,34.1725,62.29,79,31,5.68,scattered clouds
383,Santa Maria,BR,2021-07-31 18:04:24,-29.6842,-53.8069,64.08,49,29,3.83,scattered clouds
384,Alyangula,AU,2021-07-31 18:07:50,-13.8483,136.4192,71.47,100,40,1.14,scattered clouds
385,Vasterhaninge,SE,2021-07-31 18:07:51,59.1167,18.1,66.67,58,77,8.16,broken clouds
386,Joensuu,FI,2021-07-31 18:07:51,62.6012,29.7632,66.69,72,0,3.44,clear sky
387,San Jose De Rio Tinto,HN,2021-07-31 18:07:52,14.9333,-85.7,83.77,84,73,2.68,broken clouds
388,Dalvik,IS,2021-07-31 18:07:52,65.9702,-18.5286,61.2,56,62,4.81,broken clouds
389,Vanimo,PG,2021-07-31 18:07:52,-2.6741,141.3028,77.0,89,75,4.47,broken clouds
390,Volgodonsk,RU,2021-07-31 18:07:53,47.5136,42.1514,82.53,31,51,4.23,broken clouds
391,Bambous Virieux,MU,2021-07-31 18:07:53,-20.3428,57.7575,69.22,66,10,16.62,light rain
392,Plettenberg Bay,ZA,2021-07-31 18:07:54,-34.0527,23.3716,60.96,51,51,3.44,broken clouds
393,Vostok,RU,2021-07-31 18:07:54,46.4856,135.8833,62.8,97,28,4.16,scattered clouds
394,Zaranj,AF,2021-07-31 18:07:55,30.9667,61.8833,90.73,10,0,25.37,clear sky
395,Baruun-Urt,MN,2021-07-31 18:07:55,46.6806,113.2792,52.21,83,57,8.86,broken clouds
396,Havoysund,NO,2021-07-31 18:07:56,70.9963,24.6622,45.48,87,100,9.35,overcast clouds
397,Montoro,ES,2021-07-31 18:07:56,38.0241,-4.3834,88.47,19,39,13.8,scattered clouds
398,Florida,US,2021-07-31 18:07:57,28.7505,-82.5001,95.09,71,68,3.0,broken clouds
399,Along,IN,2021-07-31 18:07:57,28.1667,94.7667,74.23,99,61,0.2,broken clouds
400,Callaway,US,2021-07-31 18:07:58,30.153,-85.5699,92.98,71,40,7.0,scattered clouds
401,Khatanga,RU,2021-07-31 18:07:58,71.9667,102.5,68.5,36,16,11.81,few clouds
402,Turbat,PK,2021-07-31 18:07:59,26.0023,63.044,85.53,68,51,5.19,broken clouds
403,Tucuma,BR,2021-07-31 18:07:59,-0.1833,-50.05,82.51,78,28,5.3,light rain
404,Sao Miguel Do Araguaia,BR,2021-07-31 18:07:07,-13.275,-50.1628,96.51,17,58,6.44,broken clouds
405,Peleduy,RU,2021-07-31 18:08:00,59.6289,112.7406,55.74,59,28,4.83,scattered clouds
406,Las Palmas,ES,2021-07-31 18:08:00,28.4204,-14.0131,72.39,78,20,21.85,few clouds
407,Pontes E Lacerda,BR,2021-07-31 18:08:01,-15.2261,-59.3353,91.9,16,11,1.81,few clouds
408,Ola,RU,2021-07-31 18:08:01,59.5833,151.2833,48.79,86,90,2.95,overcast clouds
409,Vestmannaeyjar,IS,2021-07-31 18:08:02,63.4427,-20.2734,53.56,93,98,10.16,overcast clouds
410,Lanzhot,CZ,2021-07-31 18:08:02,48.7244,16.9669,80.89,59,92,3.47,overcast clouds
411,Sal Rei,CV,2021-07-31 18:05:19,16.1833,-22.9167,79.0,73,75,13.8,broken clouds
412,Nizhnetroitskiy,RU,2021-07-31 18:08:03,54.3385,53.6833,67.32,88,96,5.5,overcast clouds
413,Puerto Escondido,MX,2021-07-31 18:08:03,15.85,-97.0667,88.63,66,75,9.22,broken clouds
414,Yanam,IN,2021-07-31 18:08:04,16.7333,82.2167,83.43,66,85,6.71,overcast clouds
415,West Plains,US,2021-07-31 18:08:04,36.7281,-91.8524,94.21,57,40,1.99,scattered clouds
416,Isoka,ZM,2021-07-31 18:08:04,-10.1606,32.6335,60.37,59,22,4.59,few clouds
417,Arman,RU,2021-07-31 18:08:05,59.7,150.1667,48.81,76,69,3.4,broken clouds
418,Razole,IN,2021-07-31 18:08:05,16.4833,81.8333,82.42,71,71,6.69,broken clouds
419,Parrita,CR,2021-07-31 18:08:06,9.5201,-84.3225,98.98,70,22,6.87,few clouds
420,Georgiyevka,KZ,2021-07-31 18:06:13,43.0369,74.7114,73.44,33,0,11.18,clear sky
421,Narsaq,GL,2021-07-31 18:08:06,60.9167,-46.05,66.42,67,64,3.44,broken clouds
422,De-Kastri,RU,2021-07-31 18:08:07,51.4667,140.7833,54.82,78,100,9.8,overcast clouds
423,Huanren,CN,2021-07-31 18:08:07,41.2647,125.3667,70.59,99,81,4.12,broken clouds
424,Waingapu,ID,2021-07-31 18:08:08,-9.6567,120.2641,74.25,79,25,7.25,scattered clouds
425,Clyde River,CA,2021-07-31 18:08:08,70.4692,-68.5914,40.78,81,100,3.44,overcast clouds
426,Hobyo,SO,2021-07-31 18:08:09,5.3505,48.5268,76.89,77,98,25.88,overcast clouds
427,Ujszilvas,HU,2021-07-31 18:08:09,47.2748,19.9248,83.01,48,5,3.29,clear sky
428,Biak,ID,2021-07-31 18:08:10,-0.9131,122.8766,75.24,87,28,5.88,scattered clouds
429,Ewa Beach,US,2021-07-31 18:08:11,21.3156,-158.0072,80.55,63,20,17.0,few clouds
430,Tabas,IR,2021-07-31 18:08:11,33.5959,56.9244,91.8,13,2,8.93,clear sky
431,Ahipara,NZ,2021-07-31 18:08:12,-35.1667,173.1667,52.27,88,70,5.75,broken clouds
432,Babati,TZ,2021-07-31 18:08:12,-4.2167,35.75,64.35,56,100,2.01,overcast clouds
433,Kahului,US,2021-07-31 18:08:13,20.8947,-156.47,80.62,67,20,17.27,few clouds
434,Healesville,AU,2021-07-31 18:08:13,-37.65,145.5167,48.99,99,100,1.01,overcast clouds
435,Palana,RU,2021-07-31 18:08:14,59.1167,159.9667,40.32,70,11,6.02,few clouds
436,Tashla,RU,2021-07-31 18:08:14,51.7716,52.7427,76.12,56,75,5.21,broken clouds
437,Guanica,PR,2021-07-31 18:08:15,17.9716,-66.908,91.51,69,18,15.99,few clouds
438,Elko,US,2021-07-31 18:08:15,41.0002,-115.5012,78.75,62,45,5.99,scattered clouds
439,General Pico,AR,2021-07-31 18:08:16,-35.6566,-63.7568,61.3,32,35,7.76,scattered clouds
440,Shimoda,JP,2021-07-31 18:08:16,34.6667,138.95,76.1,84,20,5.32,few clouds
441,Mamakan,RU,2021-07-31 18:08:16,57.8161,114.0028,54.37,70,15,4.97,few clouds
442,Weligama,LK,2021-07-31 18:08:17,5.9667,80.4167,79.0,86,92,10.92,overcast clouds
443,Weatherford,US,2021-07-31 18:08:17,32.7593,-97.7972,97.81,53,4,5.21,clear sky
444,Gushikawa,JP,2021-07-31 18:08:18,26.3544,127.8686,81.63,92,75,5.75,broken clouds
445,Harlingen,US,2021-07-31 18:05:59,26.1906,-97.6961,95.34,60,20,9.22,few clouds
446,Agadez,NE,2021-07-31 18:04:31,19.75,10.25,97.54,10,0,9.06,clear sky
447,Surt,LY,2021-07-31 18:08:19,31.2089,16.5887,87.21,46,0,9.51,clear sky
448,Monrovia,LR,2021-07-31 18:08:19,6.3005,-10.7969,73.17,84,77,11.99,moderate rain
449,Half Moon Bay,US,2021-07-31 18:08:20,37.4636,-122.4286,81.18,69,20,8.05,few clouds
450,Oriximina,BR,2021-07-31 18:08:20,-1.7656,-55.8661,77.63,87,94,4.92,overcast clouds
451,Zhigansk,RU,2021-07-31 18:08:21,66.7697,123.3711,64.45,42,23,6.46,few clouds
452,Neon Karlovasion,GR,2021-07-31 18:08:21,37.7903,26.7044,96.57,44,0,7.31,clear sky
453,Myitkyina,MM,2021-07-31 18:08:21,25.3833,97.4,73.49,99,100,1.05,overcast clouds
454,Naze,JP,2021-07-31 18:08:22,28.3667,129.4833,78.71,84,100,8.19,overcast clouds
455,Caravelas,BR,2021-07-31 18:08:22,-17.7125,-39.2481,73.17,51,100,12.66,overcast clouds
456,Pochutla,MX,2021-07-31 18:08:23,15.7432,-96.4661,91.81,49,15,6.22,few clouds
457,Miahuatlan,MX,2021-07-31 18:08:23,18.5667,-97.4333,71.65,46,99,11.81,overcast clouds
458,Margate,GB,2021-07-31 18:08:23,51.3813,1.3862,67.91,83,64,12.17,broken clouds
459,Kurmanayevka,RU,2021-07-31 18:08:24,52.5093,52.0675,72.79,64,73,7.27,broken clouds
460,Doha,QA,2021-07-31 18:07:54,25.2867,51.5333,96.78,63,0,4.61,clear sky
461,Yarensk,RU,2021-07-31 18:08:25,62.1675,49.0916,59.38,94,61,0.87,light rain
462,Irving,US,2021-07-31 18:08:09,32.814,-96.9489,100.17,46,20,1.99,few clouds
463,Altagracia De Orituco,VE,2021-07-31 18:08:25,9.8601,-66.3814,82.69,67,26,5.17,scattered clouds
464,Byron Bay,AU,2021-07-31 18:08:26,-28.65,153.6167,60.75,87,4,10.98,clear sky
465,Xingcheng,CN,2021-07-31 18:08:26,40.6167,120.7167,72.3,91,40,9.1,scattered clouds
466,Pontiac,US,2021-07-31 18:07:21,42.6389,-83.2911,79.45,59,75,4.0,smoke
467,Mahajanga,MG,2021-07-31 18:08:27,-15.7167,46.3167,75.79,54,9,19.77,clear sky
468,Kirakira,SB,2021-07-31 18:08:27,-10.4544,161.9205,74.25,84,86,8.28,overcast clouds
469,Mogadishu,SO,2021-07-31 18:08:27,2.0371,45.3438,76.44,79,91,17.63,overcast clouds
470,Jalingo,NG,2021-07-31 18:08:28,8.8833,11.3667,75.49,87,88,3.31,overcast clouds
471,Gardelegen,DE,2021-07-31 18:08:28,52.5252,11.3952,72.09,72,41,12.59,scattered clouds
472,Shkoder,AL,2021-07-31 18:08:07,42.0683,19.5126,91.58,48,0,4.79,clear sky
473,Kupang,ID,2021-07-31 18:08:29,-10.1667,123.5833,75.47,85,40,9.42,scattered clouds
474,Mehamn,NO,2021-07-31 18:08:30,71.0357,27.8492,50.74,82,100,2.21,overcast clouds
475,Ovsyanka,RU,2021-07-31 18:08:30,55.9575,92.5519,54.57,83,2,1.66,clear sky
476,Dostpur,IN,2021-07-31 18:08:31,26.2833,82.4667,79.86,87,96,14.9,overcast clouds
477,Sfantu Gheorghe,RO,2021-07-31 18:05:17,45.8667,25.7833,74.26,78,42,2.82,scattered clouds
478,Balkhash,KZ,2021-07-31 18:08:32,46.844,74.9804,73.45,40,0,2.08,clear sky
479,Constitucion,CL,2021-07-31 18:08:32,-35.3333,-72.4167,58.78,64,100,8.81,overcast clouds
480,Novoagansk,RU,2021-07-31 18:08:32,61.9449,76.6625,47.97,90,16,2.01,few clouds
481,Olafsvik,IS,2021-07-31 18:08:33,64.8945,-23.7142,55.4,91,55,5.61,broken clouds
482,Pangnirtung,CA,2021-07-31 18:08:33,66.1451,-65.7125,58.68,55,100,3.85,overcast clouds
483,San-Pedro,CI,2021-07-31 18:08:34,4.7485,-6.6363,76.44,86,65,9.46,broken clouds
484,Moerai,PF,2021-07-31 18:08:34,-22.4333,-151.3333,70.84,73,51,14.58,light rain
485,Araceli,PH,2021-07-31 18:08:34,10.5529,119.9913,83.12,80,67,10.71,broken clouds
486,Lasa,IT,2021-07-31 18:08:35,46.6166,10.7002,64.02,84,61,4.0,light rain
487,Kropotkin,RU,2021-07-31 18:08:35,45.4375,40.5756,78.62,36,58,5.82,broken clouds
488,Beringovskiy,RU,2021-07-31 18:08:36,63.05,179.3167,42.37,87,98,9.01,overcast clouds
489,Wanning,CN,2021-07-31 18:08:36,18.8003,110.3967,82.09,83,100,10.98,overcast clouds
490,Harnosand,SE,2021-07-31 18:08:36,62.6323,17.9379,66.99,82,87,10.22,overcast clouds
491,Agaro,ET,2021-07-31 18:08:37,7.85,36.65,61.0,99,100,0.72,moderate rain
492,Idah,NG,2021-07-31 18:08:38,7.1065,6.7342,78.1,82,93,4.83,overcast clouds
493,Kloulklubed,PW,2021-07-31 18:08:39,7.0419,134.2556,84.16,72,91,9.57,overcast clouds
494,Yumen,CN,2021-07-31 18:08:40,40.2833,97.2,80.17,18,83,21.25,broken clouds
495,Sisimiut,GL,2021-07-31 18:08:40,66.9395,-53.6735,49.78,72,12,13.98,few clouds
496,Ugoofaaru,MV,2021-07-31 18:08:40,5.6667,73.0,82.71,74,72,12.55,broken clouds
497,Ubatuba,BR,2021-07-31 18:08:41,-23.4339,-45.0711,66.15,61,61,5.82,broken clouds
498,Kaliningrad,RU,2021-07-31 18:08:41,54.7065,20.511,69.85,83,57,4.25,broken clouds
499,Satipo,PE,2021-07-31 18:08:42,-11.2522,-74.6386,83.12,48,70,2.37,broken clouds
500,Lara,AU,2021-07-31 18:08:42,-38.0167,144.4,49.14,96,100,0.0,overcast clouds
501,Hasaki,JP,2021-07-31 18:08:43,35.7333,140.8333,75.6,92,91,10.96,overcast clouds
502,Cairns,AU,2021-07-31 18:08:43,-16.9167,145.7667,67.06,96,78,1.14,broken clouds
503,Xining,CN,2021-07-31 18:08:44,36.6167,101.7667,57.27,72,46,3.02,scattered clouds
504,Guerrero Negro,MX,2021-07-31 18:08:44,27.9769,-114.0611,82.81,51,35,7.63,scattered clouds
505,Arlit,NE,2021-07-31 18:08:44,18.7369,7.3853,90.05,38,20,27.07,few clouds
506,Miri,MY,2021-07-31 18:08:45,4.4148,114.0089,79.02,86,20,2.37,few clouds
507,Rasskazovo,RU,2021-07-31 18:08:45,52.6714,41.9033,72.48,57,47,4.03,scattered clouds
508,Livingston,GB,2021-07-31 18:08:46,55.9029,-3.5226,64.85,88,75,5.75,broken clouds
509,Diapaga,BF,2021-07-31 18:08:46,12.0708,1.7889,76.5,83,90,9.8,light rain
510,Ust-Ilimsk,RU,2021-07-31 18:06:44,58.0006,102.6619,64.87,68,100,4.05,overcast clouds
511,Muscat,OM,2021-07-31 18:07:52,23.6139,58.5922,93.22,54,34,5.32,scattered clouds
512,Krasnoarmeysk,RU,2021-07-31 18:08:47,51.0239,45.6969,71.29,71,84,7.92,broken clouds
513,Talcahuano,CL,2021-07-31 18:08:47,-36.7167,-73.1167,56.88,51,0,11.5,clear sky
514,Luwingu,ZM,2021-07-31 18:08:48,-10.2621,29.9271,62.89,42,0,6.76,clear sky
515,Santa Maria Del Oro,MX,2021-07-31 18:08:48,25.9333,-105.3667,82.53,36,8,6.06,clear sky
516,Muravlenko,RU,2021-07-31 18:08:48,63.7898,74.523,49.89,78,33,6.42,scattered clouds
517,Leh,IN,2021-07-31 18:08:49,34.1667,77.5833,67.14,46,62,5.64,broken clouds
518,Rockport,US,2021-07-31 18:08:49,28.0206,-97.0544,94.23,71,20,3.0,few clouds
519,San Patricio,US,2021-07-31 18:08:50,28.017,-97.5169,95.72,41,17,7.45,few clouds
520,Hollister,US,2021-07-31 18:08:50,36.8525,-121.4016,80.78,68,1,0.0,clear sky
521,Opuwo,NA,2021-07-31 18:08:51,-18.0607,13.84,66.45,21,0,9.42,clear sky
522,Srebrenica,BA,2021-07-31 18:08:51,44.1064,19.2969,75.97,78,80,3.85,broken clouds
523,Sooke,CA,2021-07-31 18:03:56,48.3746,-123.7276,78.44,62,100,3.76,overcast clouds
524,Zyrardow,PL,2021-07-31 18:08:52,52.0488,20.446,76.8,78,89,8.63,overcast clouds
525,Honiara,SB,2021-07-31 18:08:52,-9.4333,159.95,75.79,89,91,4.16,overcast clouds
526,Prince Albert,CA,2021-07-31 18:08:52,53.2001,-105.7677,82.42,27,0,8.23,clear sky
527,Atbasar,KZ,2021-07-31 18:08:53,51.8,68.3333,69.71,64,23,5.03,few clouds
528,Alexandria,EG,2021-07-31 18:08:53,31.2156,29.9553,82.65,67,0,7.02,clear sky
529,Sao Jose Da Coroa Grande,BR,2021-07-31 18:08:54,-8.8978,-35.1478,78.96,76,28,13.96,scattered clouds
530,Gladstone,AU,2021-07-31 18:08:54,-23.85,151.25,64.33,82,90,0.0,light rain
531,Camocim,BR,2021-07-31 18:08:54,-2.9022,-40.8411,90.7,44,33,10.69,scattered clouds
532,Shenzhen,CN,2021-07-31 18:04:06,22.5455,114.0683,86.27,93,74,6.02,broken clouds
533,Jardim,BR,2021-07-31 18:08:55,-21.4803,-56.1381,80.53,14,97,4.07,overcast clouds
534,Balsta,SE,2021-07-31 18:08:55,59.5671,17.5278,68.29,67,89,8.08,overcast clouds
535,Makakilo City,US,2021-07-31 18:08:56,21.3469,-158.0858,79.12,63,75,6.91,broken clouds
536,Wainwright,CA,2021-07-31 18:08:56,52.839,-110.8572,86.4,24,0,7.7,clear sky
537,Calbuco,CL,2021-07-31 18:08:57,-41.768,-73.1273,49.21,65,60,5.5,broken clouds
538,Durango,MX,2021-07-31 18:05:03,24.8333,-104.8333,75.78,46,17,6.44,few clouds
539,Birin,NP,2021-07-31 18:08:57,26.8865,88.0718,64.04,94,63,3.85,broken clouds
540,Southbridge,US,2021-07-31 18:06:10,42.0751,-72.0334,75.81,55,5,1.01,clear sky
541,San Cristobal,VE,2021-07-31 18:08:58,7.7669,-72.225,86.18,49,39,8.7,scattered clouds
542,Porto Seguro,BR,2021-07-31 18:08:59,-16.4497,-39.0647,70.32,73,75,8.05,broken clouds
543,Cururupu,BR,2021-07-31 18:08:59,-1.8283,-44.8683,85.59,60,37,4.92,scattered clouds
544,Scarborough,GB,2021-07-31 18:07:13,54.2797,-0.4044,64.65,90,100,3.0,light rain
545,Bilibino,RU,2021-07-31 18:09:00,68.0546,166.4372,39.99,79,100,2.53,overcast clouds
546,Kargala,RU,2021-07-31 18:09:00,56.6208,83.9607,64.04,66,100,4.41,overcast clouds
547,Lae,PG,2021-07-31 18:09:01,-6.7221,146.9847,74.52,93,98,1.59,light rain
548,Sampit,ID,2021-07-31 18:09:01,-2.5333,112.95,74.01,95,25,2.57,scattered clouds
549,Teguldet,RU,2021-07-31 18:09:02,57.3064,88.1667,55.42,76,25,5.35,scattered clouds
550,Malinyi,TZ,2021-07-31 18:09:02,-8.9333,36.1333,76.3,44,63,3.02,broken clouds
551,Chinhoyi,ZW,2021-07-31 18:09:02,-17.3667,30.2,63.73,47,38,9.13,scattered clouds
552,Washington,US,2021-07-31 18:05:09,47.5001,-120.5015,96.06,17,86,2.39,overcast clouds
553,Walvis Bay,NA,2021-07-31 18:09:03,-22.9575,14.5053,71.53,31,0,12.88,clear sky
554,Gold Coast,AU,2021-07-31 18:08:58,-28.0,153.4333,57.99,91,2,4.0,clear sky
555,Saint Marys,US,2021-07-31 18:09:04,30.7305,-81.5465,96.13,61,40,10.0,scattered clouds
556,Coahuayana,MX,2021-07-31 18:09:04,18.7333,-103.6833,90.88,51,82,2.62,broken clouds
557,Saldanha,ZA,2021-07-31 18:09:05,-33.0117,17.9442,59.29,60,25,2.3,scattered clouds
558,Saint Anthony,US,2021-07-31 18:09:05,45.0205,-93.218,85.24,55,1,3.0,haze
559,Ballina,AU,2021-07-31 18:09:05,-28.8667,153.5667,55.58,88,1,7.45,clear sky
560,Alice Springs,AU,2021-07-31 18:09:06,-23.7,133.8833,62.15,39,0,8.05,clear sky
561,San Carlos De Bariloche,AR,2021-07-31 18:06:20,-41.1456,-71.3082,44.35,87,0,3.44,clear sky
562,Neiafu,TO,2021-07-31 18:09:07,-18.65,-173.9833,75.88,94,90,6.91,light rain
563,Jiayuguan,CN,2021-07-31 18:09:07,39.8167,98.3,76.15,21,44,15.88,scattered clouds
564,Bubaque,GW,2021-07-31 18:09:08,11.2833,-15.8333,77.72,89,100,19.19,moderate rain
565,Guapore,BR,2021-07-31 18:09:08,-28.8456,-51.8903,65.75,30,2,0.94,clear sky
566,Tilichiki,RU,2021-07-31 18:09:08,60.4667,166.1,42.6,69,21,4.05,few clouds
567,Komsomolskiy,UZ,2021-07-31 18:09:09,40.4272,71.7189,83.12,32,74,4.61,broken clouds
568,Vila Franca Do Campo,PT,2021-07-31 18:09:09,37.7167,-25.4333,77.41,71,55,5.91,broken clouds
569,San Jose,US,2021-07-31 18:05:15,37.3394,-121.895,81.12,51,20,0.0,few clouds
570,Wildeshausen,DE,2021-07-31 18:09:10,52.9,8.4333,64.22,90,64,15.01,broken clouds
571,Lixourion,GR,2021-07-31 18:09:10,38.2019,20.4314,93.06,33,0,12.66,clear sky
572,Newcastle,AU,2021-07-31 18:07:03,-32.9272,151.7765,57.97,86,0,0.0,clear sky
573,Encruzilhada Do Sul,BR,2021-07-31 18:09:11,-30.5439,-52.5219,58.75,50,0,2.98,clear sky
574,Saint-Pierre,RE,2021-07-31 18:09:11,-21.3393,55.4781,71.28,70,40,25.32,scattered clouds
575,Sistranda,NO,2021-07-31 18:09:12,63.7256,8.834,55.36,79,100,18.1,overcast clouds
576,Aksu,CN,2021-07-31 18:09:12,41.1231,80.2644,77.43,31,0,3.76,clear sky
577,Datong,CN,2021-07-31 18:09:13,40.0936,113.2914,63.9,63,0,15.17,clear sky
578,Eyl,SO,2021-07-31 18:09:13,7.9803,49.8164,76.46,78,48,21.47,scattered clouds
579,Chulym,RU,2021-07-31 18:09:13,55.0997,80.9572,61.3,55,87,3.78,overcast clouds
580,Kaohsiung,TW,2021-07-31 18:07:42,22.6163,120.3133,80.55,97,75,5.01,broken clouds
581,Karpathos,GR,2021-07-31 18:09:14,35.507,27.2132,80.56,89,0,26.46,clear sky
582,Anloga,GH,2021-07-31 18:09:14,5.7947,0.8973,78.03,83,12,12.03,few clouds
583,Palauig,PH,2021-07-31 18:09:15,15.435,119.9045,81.21,87,100,11.32,moderate rain
584,Hamilton,US,2021-07-31 18:09:15,39.1834,-84.5333,80.08,69,75,4.0,broken clouds
585,Boueni,YT,2021-07-31 18:09:16,-12.9025,45.0761,75.18,69,1,7.47,clear sky
586,Bodden Town,KY,2021-07-31 18:08:57,19.2833,-81.25,89.98,72,20,7.0,few clouds
587,Alamor,EC,2021-07-31 18:09:16,-4.0181,-80.0197,65.44,39,36,6.62,scattered clouds
588,Sereflikochisar,TR,2021-07-31 18:09:17,38.9393,33.5386,80.33,23,0,8.99,clear sky
589,Mobaye,CF,2021-07-31 18:09:17,4.319,21.1786,71.73,97,96,3.6,light rain
590,Nelson Bay,AU,2021-07-31 18:09:18,-32.7167,152.15,58.28,70,0,5.7,clear sky
591,Veinticinco De Mayo,AR,2021-07-31 18:09:19,-35.4323,-60.1727,65.05,33,89,1.99,overcast clouds
592,Dwarka,IN,2021-07-31 18:09:19,22.2394,68.9678,82.02,83,100,24.76,overcast clouds
593,Santa Isabel Do Rio Negro,BR,2021-07-31 18:09:19,-0.4139,-65.0192,89.35,43,78,3.36,broken clouds
594,Koson,UZ,2021-07-31 18:09:20,39.0375,65.585,86.32,20,25,10.13,scattered clouds
595,Roald,NO,2021-07-31 18:09:20,62.5833,6.1333,58.15,82,75,16.11,light intensity shower rain
596,Tucumcari,US,2021-07-31 18:09:21,35.1717,-103.725,89.94,29,1,6.91,clear sky
597,Los Llanos De Aridane,ES,2021-07-31 18:09:21,28.6585,-17.9182,71.35,73,20,18.41,few clouds
598,Acapulco,MX,2021-07-31 18:09:22,16.8634,-99.8901,87.62,66,40,5.75,smoke
599,Bairiki,KI,2021-07-31 18:09:22,1.3292,172.9752,77.0,94,20,0.0,few clouds
600,Tevriz,RU,2021-07-31 18:09:23,57.509,72.4042,54.86,95,35,2.91,scattered clouds
601,Sironko,UG,2021-07-31 18:09:23,1.2313,34.2477,67.87,74,100,3.24,overcast clouds
602,Waw,SS,2021-07-31 18:09:24,7.7029,27.9953,71.83,96,97,4.76,overcast clouds
603,Padang,ID,2021-07-31 18:09:24,-0.9492,100.3543,76.3,89,100,4.32,overcast clouds
604,Berlevag,NO,2021-07-31 18:09:25,70.8578,29.0864,49.46,89,100,12.37,overcast clouds
605,Smoky Lake,CA,2021-07-31 18:09:25,54.1169,-112.4686,84.49,24,0,9.37,clear sky
606,Ozinki,RU,2021-07-31 18:09:26,51.1786,49.6769,74.32,62,73,13.15,broken clouds
607,Harindanga,IN,2021-07-31 18:09:26,22.0383,88.3214,84.18,85,93,8.93,overcast clouds
608,Kribi,CM,2021-07-31 18:09:26,2.95,9.9167,77.41,84,46,8.05,scattered clouds
609,Colwyn Bay,GB,2021-07-31 18:09:27,53.2948,-3.7267,65.91,87,97,4.0,overcast clouds
610,Husavik,IS,2021-07-31 18:09:27,66.0449,-17.3389,58.78,56,6,5.53,clear sky
611,Lac Du Bonnet,CA,2021-07-31 18:09:28,50.2536,-96.0612,73.58,30,1,14.81,clear sky
612,Boguchany,RU,2021-07-31 18:09:28,58.3814,97.4531,59.52,77,100,1.81,overcast clouds
613,Chumikan,RU,2021-07-31 18:09:29,54.7183,135.315,48.7,96,100,4.16,light rain
614,Biltine,TD,2021-07-31 18:09:29,14.5333,20.9167,88.61,49,88,11.68,overcast clouds
615,Kargasok,RU,2021-07-31 18:09:29,59.0556,80.8572,55.99,99,97,5.23,light rain
616,Batagay,RU,2021-07-31 18:09:30,67.6333,134.6333,55.06,71,28,4.54,scattered clouds
617,Peniche,PT,2021-07-31 18:09:30,39.3558,-9.3811,70.72,75,71,20.51,broken clouds
618,Axim,GH,2021-07-31 18:09:31,4.8699,-2.2405,78.33,79,69,8.43,broken clouds
619,Sao Joao Da Barra,BR,2021-07-31 18:09:31,-21.6403,-41.0511,66.29,64,89,11.34,overcast clouds
620,Gamba,GA,2021-07-31 18:09:31,-2.65,10.0,73.69,76,32,8.1,scattered clouds
621,Qandala,SO,2021-07-31 18:09:32,11.472,49.8728,87.12,58,95,3.98,overcast clouds
622,Baykit,RU,2021-07-31 18:09:32,61.67,96.37,55.06,84,44,1.21,scattered clouds
623,Tezu,IN,2021-07-31 18:09:33,27.9167,96.1667,76.23,99,93,1.9,overcast clouds
624,Ushirombo,TZ,2021-07-31 18:09:33,-3.4919,31.9639,71.33,29,23,4.59,few clouds
625,Pilibanga,IN,2021-07-31 18:09:34,29.4916,74.079,91.38,56,15,11.81,few clouds
626,South Lake Tahoe,US,2021-07-31 18:06:08,38.9332,-119.9844,80.06,42,90,8.05,overcast clouds
627,Grand Island,US,2021-07-31 18:08:42,40.925,-98.342,73.69,68,20,9.22,haze
628,Guarda,PT,2021-07-31 18:08:08,40.5373,-7.2658,64.24,30,26,15.14,scattered clouds
629,Lodja,CD,2021-07-31 18:09:35,-3.4833,23.4333,81.23,25,69,3.18,broken clouds
630,Klaksvik,FO,2021-07-31 18:06:13,62.2266,-6.589,50.92,77,90,15.12,overcast clouds
631,Batagay-Alyta,RU,2021-07-31 18:09:35,67.8006,130.4114,57.38,78,76,2.59,broken clouds
632,Formosa Do Rio Preto,BR,2021-07-31 18:09:36,-11.0483,-45.1931,90.73,27,70,8.55,broken clouds
633,Tarko-Sale,RU,2021-07-31 18:09:36,64.9225,77.785,56.52,68,94,7.96,overcast clouds
634,Chiredzi,ZW,2021-07-31 18:09:37,-21.05,31.6667,64.33,54,16,5.32,few clouds
635,Araouane,ML,2021-07-31 18:09:37,18.9048,-3.5265,104.32,22,58,5.75,broken clouds
636,Lafiagi,NG,2021-07-31 18:09:38,8.8667,5.4167,77.04,89,80,3.31,light rain
637,Skelleftea,SE,2021-07-31 18:09:38,64.7507,20.9528,63.0,66,90,1.01,overcast clouds
638,Methoni,GR,2021-07-31 18:09:38,36.8197,21.7049,91.26,66,0,11.61,clear sky
639,Voh,NC,2021-07-31 18:09:39,-20.9667,164.7,59.68,73,15,4.74,few clouds
640,Alihe,CN,2021-07-31 18:09:39,50.5667,123.7167,54.23,99,100,5.37,moderate rain
641,Ternate,ID,2021-07-31 18:09:40,0.8,127.4,80.73,81,10,3.15,clear sky
642,Bulancak,TR,2021-07-31 18:09:40,40.9372,38.2291,75.02,83,40,0.0,scattered clouds
643,Dong Xoai,VN,2021-07-31 18:09:41,11.5333,106.9167,74.48,96,60,2.57,broken clouds
644,Moindou,NC,2021-07-31 18:09:41,-21.6924,165.677,58.95,61,27,12.68,scattered clouds
645,Catamarca,AR,2021-07-31 18:09:41,-28.4696,-65.7852,72.05,40,2,1.01,clear sky
646,Richards Bay,ZA,2021-07-31 18:09:42,-28.783,32.0377,64.69,79,0,9.22,clear sky
647,Guntakal,IN,2021-07-31 18:09:42,15.1667,77.3833,76.68,70,94,17.9,overcast clouds
648,Goroka,PG,2021-07-31 18:09:43,-6.0834,145.3873,58.89,98,92,0.69,overcast clouds
649,Ngunguru,NZ,2021-07-31 18:09:43,-35.6167,174.5,54.16,69,81,17.18,broken clouds
650,Aldan,RU,2021-07-31 18:09:44,58.6031,125.3894,44.49,84,63,3.38,broken clouds
651,Gillette,US,2021-07-31 18:09:44,44.2911,-105.5022,81.81,27,1,8.01,haze
652,Dumabato,PH,2021-07-31 18:09:44,16.3167,121.7,76.3,82,100,1.9,overcast clouds
653,Dombarovskiy,RU,2021-07-31 18:09:45,50.7587,59.5386,79.95,32,64,7.2,broken clouds
654,Tazovskiy,RU,2021-07-31 18:09:45,67.4667,78.7,53.06,76,95,9.01,overcast clouds
655,Luau,AO,2021-07-31 18:09:46,-10.7073,22.2247,68.74,22,0,4.43,clear sky
656,Gimli,CA,2021-07-31 18:09:46,50.6336,-96.9907,77.43,40,1,17.11,clear sky
657,Houma,US,2021-07-31 18:09:47,29.5958,-90.7195,95.0,74,77,1.99,light rain
658,Yangambi,CD,2021-07-31 18:09:47,0.8102,24.4336,79.84,65,100,3.36,overcast clouds
659,Donghai,CN,2021-07-31 18:09:47,22.9459,115.642,82.94,84,99,8.12,overcast clouds
660,Lewiston,US,2021-07-31 18:09:48,44.1003,-70.2148,75.74,51,1,9.22,clear sky
661,Romny,UA,2021-07-31 18:09:48,50.751,33.4747,77.74,44,34,2.93,scattered clouds
662,Rawson,AR,2021-07-31 18:09:49,-43.3002,-65.1023,50.16,36,0,4.14,clear sky
663,Uyuni,BO,2021-07-31 18:09:50,-20.4597,-66.825,47.44,31,54,15.55,broken clouds
664,Muros,ES,2021-07-31 18:09:50,42.7762,-9.0603,72.16,56,62,12.8,broken clouds
665,Umm Kaddadah,SD,2021-07-31 18:09:51,13.6017,26.6876,84.61,51,69,17.4,broken clouds
666,Banfora,BF,2021-07-31 18:09:51,10.6333,-4.7667,74.44,92,99,6.06,heavy intensity rain
667,Carballo,ES,2021-07-31 18:09:52,43.213,-8.691,69.06,72,74,6.06,broken clouds
668,Inhambane,MZ,2021-07-31 18:08:40,-23.865,35.3833,65.03,77,0,7.09,clear sky
669,Tucurui,BR,2021-07-31 18:05:18,-3.7661,-49.6725,87.89,56,76,2.64,broken clouds
670,Nome,US,2021-07-31 18:09:52,64.5011,-165.4064,50.07,87,90,20.71,light rain
671,Murdochville,CA,2021-07-31 18:09:53,48.9583,-65.5006,50.63,95,100,8.37,overcast clouds
